<?xml version="1.0" encoding="UTF-8"?>
<project-private xmlns="http://www.netbeans.org/ns/project-private/1">
    <editor-bookmarks xmlns="http://www.netbeans.org/ns/editor-bookmarks/2" lastBookmarkId="0"/>
    <open-files xmlns="http://www.netbeans.org/ns/projectui-open-files/2">
        <group>
            <file>file:/C:/Users/usuario/OneDrive/Documentos/Cosas%20de%20la%20facu/Desarrollos%20de%20Sistemas%20Orientados%20a%20Objetos/poo-aerolinea-version-thiago/src/Personas/Empleados/Controller/EmpleadoController.java</file>
            <file>file:/C:/Users/usuario/OneDrive/Documentos/Cosas%20de%20la%20facu/Desarrollos%20de%20Sistemas%20Orientados%20a%20Objetos/poo-aerolinea-version-thiago/src/Vuelos/view/VuelosABM.java</file>
            <file>file:/C:/Users/usuario/OneDrive/Documentos/Cosas%20de%20la%20facu/Desarrollos%20de%20Sistemas%20Orientados%20a%20Objetos/poo-aerolinea-version-thiago/src/Vuelos/controller/VueloController.java</file>
            <file>file:/C:/Users/usuario/OneDrive/Documentos/Cosas%20de%20la%20facu/Desarrollos%20de%20Sistemas%20Orientados%20a%20Objetos/poo-aerolinea-version-thiago/src/Vuelos/model/repository/VueloDaoImpl.java</file>
            <file>file:/C:/Users/usuario/OneDrive/Documentos/Cosas%20de%20la%20facu/Desarrollos%20de%20Sistemas%20Orientados%20a%20Objetos/poo-aerolinea-version-thiago/src/Aeropuertos/Controller/AeropuertoController.java</file>
            <file>file:/C:/Users/usuario/OneDrive/Documentos/Cosas%20de%20la%20facu/Desarrollos%20de%20Sistemas%20Orientados%20a%20Objetos/poo-aerolinea-version-thiago/src/Personas/Pasajeros/Model/Entity/Pasajero.java</file>
            <file>file:/C:/Users/usuario/OneDrive/Documentos/Cosas%20de%20la%20facu/Desarrollos%20de%20Sistemas%20Orientados%20a%20Objetos/poo-aerolinea-version-thiago/src/META-INF/persistence.xml</file>
            <file>file:/C:/Users/usuario/OneDrive/Documentos/Cosas%20de%20la%20facu/Desarrollos%20de%20Sistemas%20Orientados%20a%20Objetos/poo-aerolinea-version-thiago/src/Personas/Pasajeros/Controller/PasajeroController.java</file>
        </group>
    </open-files>
</project-private>
